{
  "steps": [
    1,
    50,
    100,
    150,
    200,
    250,
    300,
    350,
    400,
    450,
    500
  ],
  "train_losses": [
    5.06372594833374,
    2.727527141571045,
    2.5890417098999023,
    2.5965137481689453,
    2.4971439838409424,
    2.505836248397827,
    2.4421372413635254,
    2.3993892669677734,
    2.472010612487793,
    2.3701868057250977,
    2.258486270904541
  ],
  "val_losses": [
    4.9369916915893555,
    2.7467849254608154,
    2.5710060596466064,
    2.542942523956299,
    2.4694471836090086,
    2.445071268081665,
    2.4202787399291994,
    2.40120415687561,
    2.3611491680145265,
    2.322695255279541,
    2.3349610805511474
  ],
  "total_time_s": 12.213373899459839,
  "config": {
    "vocab_size": 65,
    "d_model": 64,
    "n_heads": 4,
    "n_layers": 3,
    "d_ff": 256,
    "seq_len": 64,
    "batch_size": 16,
    "n_params": 161728
  }
}