{
  "steps": [
    1,
    200,
    400,
    600,
    800,
    1000,
    1200,
    1400,
    1600,
    1800,
    2000
  ],
  "train_losses": [
    6.395817279815674,
    2.5043108463287354,
    2.226261615753174,
    2.0014467239379883,
    1.8491013050079346,
    1.8292856216430664,
    1.7777903079986572,
    1.6254487037658691,
    1.612131118774414,
    1.6028010845184326,
    1.628049612045288
  ],
  "val_losses": [
    6.106615352630615,
    2.425526666641235,
    2.1747078895568848,
    2.034831190109253,
    1.9519153356552124,
    1.8638336896896361,
    1.8561412572860718,
    1.7641595602035522,
    1.7800986528396607,
    1.6593088865280152,
    1.6456984519958495
  ],
  "total_time_s": 204.06602478027344,
  "config": {
    "vocab_size": 65,
    "d_model": 128,
    "n_heads": 4,
    "n_layers": 6,
    "d_ff": 512,
    "seq_len": 64,
    "batch_size": 16,
    "n_params": 1211648
  }
}